Khoa học máy tính,7.02
Khoa học máy tính,6.57
Khoa học máy tính,7.76
Khoa học máy tính,8.20
Khoa học máy tính,7.06
Khoa học máy tính,7.64
Khoa học máy tính,7.40
Khoa học máy tính,8.43
Khoa học máy tính,7.94
Khoa học máy tính,7.17
Khoa học máy tính,8.34
Khoa học máy tính,7.97
Khoa học máy tính,8.19
Khoa học máy tính,8.49
Khoa học máy tính,8.65
Thị giác máy tính và Khoa học Robot,6.72
Thị giác máy tính và Khoa học Robot,7.82
Thị giác máy tính và Khoa học Robot,7.53
Thị giác máy tính và Khoa học Robot,6.74
Thị giác máy tính và Khoa học Robot,8.78
Thị giác máy tính và Khoa học Robot,7.67
Công nghệ tri thức,6.77
Công nghệ tri thức,7.24
Công nghệ tri thức,7.38
Công nghệ tri thức,7.86
Công nghệ tri thức,6.89
Công nghệ tri thức,7.26
Kỹ thuật phần mềm,6.47
Kỹ thuật phần mềm,6.48
Kỹ thuật phần mềm,6.81
Kỹ thuật phần mềm,6.40
Kỹ thuật phần mềm,7.49
Kỹ thuật phần mềm,7.08
Kỹ thuật phần mềm,7.38
Kỹ thuật phần mềm,6.53
Kỹ thuật phần mềm,7.48
Kỹ thuật phần mềm,6.63
Kỹ thuật phần mềm,7.52
Kỹ thuật phần mềm,6.69
Kỹ thuật phần mềm,6.92
Kỹ thuật phần mềm,7.67
Kỹ thuật phần mềm,6.95
Kỹ thuật phần mềm,7.16
Kỹ thuật phần mềm,6.79
Kỹ thuật phần mềm,7.77
Kỹ thuật phần mềm,7.21
Kỹ thuật phần mềm,7.94
Kỹ thuật phần mềm,8.69
Kỹ thuật phần mềm,7.15
Kỹ thuật phần mềm,7.48
Kỹ thuật phần mềm,8.19
Kỹ thuật phần mềm,6.92
Kỹ thuật phần mềm,7.18
Kỹ thuật phần mềm,7.77
Kỹ thuật phần mềm,6.68
Kỹ thuật phần mềm,8.11
Kỹ thuật phần mềm,7.09
Kỹ thuật phần mềm,6.80
Kỹ thuật phần mềm,7.16
Kỹ thuật phần mềm,6.93
Kỹ thuật phần mềm,7.31
Kỹ thuật phần mềm,8.03
Kỹ thuật phần mềm,8.04
Kỹ thuật phần mềm,7.40
Kỹ thuật phần mềm,7.42
Kỹ thuật phần mềm,7.33
Kỹ thuật phần mềm,7.99
Kỹ thuật phần mềm,7.06
Kỹ thuật phần mềm,7.08
Kỹ thuật phần mềm,7.76
Kỹ thuật phần mềm,8.33
Kỹ thuật phần mềm,8.18
Kỹ thuật phần mềm,8.21
Kỹ thuật phần mềm,7.49
Kỹ thuật phần mềm,8.47
Kỹ thuật phần mềm,8.07
Kỹ thuật phần mềm,7.20
Kỹ thuật phần mềm,7.49
Kỹ thuật phần mềm,7.36
Kỹ thuật phần mềm,7.53
Kỹ thuật phần mềm,6.80
Kỹ thuật phần mềm,7.38
Kỹ thuật phần mềm,7.59
Kỹ thuật phần mềm,7.32
Kỹ thuật phần mềm,8.14
Kỹ thuật phần mềm,7.11
Kỹ thuật phần mềm,7.40
Kỹ thuật phần mềm,8.14
Kỹ thuật phần mềm,7.64
Kỹ thuật phần mềm,8.19
Kỹ thuật phần mềm,8.32
Kỹ thuật phần mềm,7.55
Kỹ thuật phần mềm,7.72
Kỹ thuật phần mềm,7.74
Kỹ thuật phần mềm,7.87
Kỹ thuật phần mềm,7.99
Kỹ thuật phần mềm,8.00
Kỹ thuật phần mềm,7.55
Kỹ thuật phần mềm,7.53
Kỹ thuật phần mềm,7.56
Kỹ thuật phần mềm,7.16
Kỹ thuật phần mềm,7.66
Kỹ thuật phần mềm,6.94
Kỹ thuật phần mềm,7.37
Kỹ thuật phần mềm,8.01
Kỹ thuật phần mềm,6.84
Kỹ thuật phần mềm,8.62
Kỹ thuật phần mềm,8.00
Kỹ thuật phần mềm,7.57
Kỹ thuật phần mềm,7.46
Kỹ thuật phần mềm,7.51
Kỹ thuật phần mềm,7.85
Kỹ thuật phần mềm,7.46
Kỹ thuật phần mềm,7.15
Kỹ thuật phần mềm,8.14
Kỹ thuật phần mềm,7.81
Kỹ thuật phần mềm,7.84
Kỹ thuật phần mềm,8.10
Kỹ thuật phần mềm,7.06
Kỹ thuật phần mềm,7.60
Kỹ thuật phần mềm,8.48
Kỹ thuật phần mềm,7.78
Kỹ thuật phần mềm,7.28
Kỹ thuật phần mềm,7.62
Kỹ thuật phần mềm,8.48
Kỹ thuật phần mềm,7.63
Kỹ thuật phần mềm,7.93
Kỹ thuật phần mềm,6.79
Kỹ thuật phần mềm,7.45
Kỹ thuật phần mềm,7.31
Kỹ thuật phần mềm,7.64
Kỹ thuật phần mềm,7.05
Kỹ thuật phần mềm,7.42
Kỹ thuật phần mềm,7.59
Kỹ thuật phần mềm,8.11
Kỹ thuật phần mềm,7.73
Kỹ thuật phần mềm,7.18
Kỹ thuật phần mềm,7.52
Kỹ thuật phần mềm,6.93
Hệ thống thông tin,6.26
Hệ thống thông tin,6.57
Hệ thống thông tin,6.52
Hệ thống thông tin,6.39
Hệ thống thông tin,6.57
Hệ thống thông tin,6.92
Hệ thống thông tin,7.45
Hệ thống thông tin,8.15
Hệ thống thông tin,7.34
Hệ thống thông tin,8.06
Hệ thống thông tin,7.20
Hệ thống thông tin,6.56
Hệ thống thông tin,7.32
Hệ thống thông tin,7.53
Hệ thống thông tin,7.66
Hệ thống thông tin,6.77
Hệ thống thông tin,7.32
Hệ thống thông tin,7.34
Hệ thống thông tin,6.97
Hệ thống thông tin,7.70
Hệ thống thông tin,7.59
Hệ thống thông tin,7.39
Hệ thống thông tin,7.65
Hệ thống thông tin,7.92
Hệ thống thông tin,7.27
Hệ thống thông tin,6.72
Hệ thống thông tin,7.49
Hệ thống thông tin,6.83
Công nghệ thông tin,7.57
Công nghệ thông tin,6.38
Công nghệ thông tin,6.57
Công nghệ thông tin,6.33
Công nghệ thông tin,6.51
Công nghệ thông tin,6.95
Công nghệ thông tin,6.88
Công nghệ thông tin,7.58
Công nghệ thông tin,6.65
Công nghệ thông tin,7.24
Công nghệ thông tin,6.85
Công nghệ thông tin,7.94
Công nghệ thông tin,7.60
Công nghệ thông tin,6.98
Công nghệ thông tin,8.13
Mạng máy tính và Truyền thông,7.18
Mạng máy tính và Truyền thông,7.14
Mạng máy tính và Truyền thông,6.29
Mạng máy tính và Truyền thông,7.01
Mạng máy tính và Truyền thông,6.79
Mạng máy tính và Truyền thông,7.32
Mạng máy tính và Truyền thông,7.50
Mạng máy tính và Truyền thông,7.33
Mạng máy tính và Truyền thông,8.16
